District,Crop,IrrigationMethod,WaterConsumption,WaterAvailability
Udaipur,Garlic,Tube Well,11609.33089,11335.91998
Bhilwara,Gram,Drip Irrigation,12648.40604,12091.90025
Udaipur,Guava,Canal Irrigation,10063.16245,9810.943169
Jodhpur,Barley,Sprinkler Irrigation,10110.53999,10754.21731
Alwar,Gram,Canal Irrigation,9320.451018,8695.537819
Alwar,Bajra,Tube Well,13707.24851,13088.40604
Udaipur,Gram,Tube Well,6419.276992,6685.757927
Nagaur,Gram,Tube Well,9289.883923,9468.516256
Hanumangarh,Pulses,Tube Well,6437.159656,6909.587517
Hanumangarh,Citrus,Tube Well,15661.87622,16224.03922
Kota,Opium,Sprinkler Irrigation,10553.03353,9809.797092
Alwar,Fenugreek,Canal Irrigation,9733.308656,9502.633933
Nagaur,Opium,Sprinkler Irrigation,7811.48675,8738.673825
Sri Ganganagar,Tomato,Sprinkler Irrigation,6562.789956,6767.838855
Hanumangarh,Sugarcane,Canal Irrigation,13435.9878,14307.01195
Ajmer,Bajra,Sprinkler Irrigation,11392.33063,10973.48962
Udaipur,Fenugreek,Sprinkler Irrigation,14439.69054,14739.86331
Kota,Chilli,Canal Irrigation,9909.75294,10431.30299
Hanumangarh,Onion,Tube Well,12835.02601,13622.75801
Hanumangarh,Sugarcane,Tube Well,11629.65934,11675.11931
Jaipur,Pomegranate,Sprinkler Irrigation,6516.406866,5629.616415
Sri Ganganagar,Oilseeds,Canal Irrigation,12487.54017,11780.39695
Jaipur,Opium,Canal Irrigation,8902.221312,8984.565487
Udaipur,Tomato,Drip Irrigation,10033.94904,10385.00106
Hanumangarh,Maize,Tube Well,5680.971784,6249.58613
Sri Ganganagar,Opium,Drip Irrigation,14601.97346,14377.08275
Udaipur,Garlic,Drip Irrigation,7218.003498,6720.685755
Nagaur,Tomato,Sprinkler Irrigation,15963.09966,16372.35779
Udaipur,Cumin,Sprinkler Irrigation,13257.57018,14186.14983
Sri Ganganagar,Tomato,Sprinkler Irrigation,14120.94708,13269.88507
Kota,Chilli,Drip Irrigation,10153.05829,10010.07392
Hanumangarh,Cotton,Sprinkler Irrigation,6723.227425,7415.255817
Jaipur,Mango,Tube Well,12977.27774,12286.88913
Kota,Mango,Drip Irrigation,13618.18692,13868.92024
Sri Ganganagar,Onion,Canal Irrigation,7361.595151,7776.958274
Hanumangarh,Maize,Sprinkler Irrigation,13634.27934,14206.79582
Kota,Citrus,Tube Well,7095.432379,6537.828541
Ajmer,Fenugreek,Canal Irrigation,8522.569912,8109.718626
Nagaur,Chilli,Tube Well,14931.39582,15578.77262
Jaipur,Gram,Canal Irrigation,8239.982405,9048.975322
Nagaur,Coriander,Sprinkler Irrigation,13613.70108,13978.8038
Udaipur,Pomegranate,Drip Irrigation,9085.174931,9165.649557
Sri Ganganagar,Wheat,Canal Irrigation,10071.73945,10089.21063
Bhilwara,Barley,Canal Irrigation,14299.11922,13684.144
Hanumangarh,Mustard,Drip Irrigation,6889.199379,7801.751792
Hanumangarh,Garlic,Drip Irrigation,12947.54617,12369.10912
Ajmer,Fenugreek,Tube Well,13521.26567,12932.42481
Alwar,Fennel,Drip Irrigation,12710.18555,12017.6947
Bhilwara,Opium,Canal Irrigation,6133.059553,5279.555611
Kota,Cotton,Drip Irrigation,11348.08097,10803.37224
Sri Ganganagar,Citrus,Tube Well,10890.19063,10699.08668
Udaipur,Wheat,Tube Well,11013.95655,11083.62529
Nagaur,Mustard,Drip Irrigation,11497.93257,10643.11146
Hanumangarh,Gram,Canal Irrigation,12684.69187,12287.39329
Jodhpur,Sugarcane,Tube Well,8163.19952,8807.444261
Jaipur,Onion,Sprinkler Irrigation,9916.312266,9189.075187
Alwar,Garlic,Canal Irrigation,13943.96348,13232.11456
Udaipur,Wheat,Sprinkler Irrigation,7730.72988,6740.789558
Nagaur,Pomegranate,Drip Irrigation,8971.757271,9468.350445
Udaipur,Bajra,Tube Well,14424.59463,15127.51233
Kota,Oilseeds,Sprinkler Irrigation,8666.711731,9336.208465
Ajmer,Gram,Sprinkler Irrigation,11873.42204,12008.00733
Jaipur,Garlic,Tube Well,12262.9,11409.18914
Jodhpur,Cotton,Drip Irrigation,7696.485269,7857.676576
Udaipur,Guava,Sprinkler Irrigation,12361.20041,11830.26611
Sri Ganganagar,Coriander,Drip Irrigation,13279.31541,12914.88729
Bhilwara,Mango,Canal Irrigation,9255.737043,8560.526967
Nagaur,Guava,Canal Irrigation,14431.50767,13768.7867
Udaipur,Maize,Sprinkler Irrigation,14175.39301,14457.0701
Sri Ganganagar,Guava,Sprinkler Irrigation,13238.44473,12901.57063
Bhilwara,Tomato,Tube Well,10119.60833,9730.551919
Hanumangarh,Gram,Sprinkler Irrigation,13269.83042,12433.77781
Sri Ganganagar,Pulses,Sprinkler Irrigation,8443.310385,9215.982049
Jodhpur,Mustard,Drip Irrigation,13915.5481,14178.80109
Nagaur,Cumin,Tube Well,12124.62296,11550.14433
Jaipur,Garlic,Canal Irrigation,10546.98189,11544.43824
Bhilwara,Fennel,Sprinkler Irrigation,9864.564863,9311.178159
Nagaur,Sugarcane,Sprinkler Irrigation,11408.14277,11428.96675
Alwar,Guava,Drip Irrigation,11797.2714,12493.23508
Nagaur,Fenugreek,Sprinkler Irrigation,12237.94364,11518.68503
Kota,Oilseeds,Sprinkler Irrigation,12623.94474,12590.95157
Udaipur,Barley,Sprinkler Irrigation,13625.99755,13089.49736
Sri Ganganagar,Guava,Sprinkler Irrigation,5463.334822,4876.882971
Udaipur,Pomegranate,Tube Well,10986.50686,11749.61082
Jaipur,Fennel,Canal Irrigation,6547.55675,7484.439552
Sri Ganganagar,Cotton,Sprinkler Irrigation,8243.694955,8000.731989
Nagaur,Fennel,Drip Irrigation,10108.79849,9861.456053
Ajmer,Chilli,Tube Well,9040.477636,9775.91648
Bhilwara,Onion,Drip Irrigation,10039.87268,9317.809296
Kota,Maize,Drip Irrigation,12174.97102,11736.59004
Kota,Oilseeds,Sprinkler Irrigation,9562.572362,9997.177779
Jodhpur,Fenugreek,Sprinkler Irrigation,10023.93048,9684.380015
Jodhpur,Onion,Tube Well,10952.76011,11134.34191
Alwar,Wheat,Sprinkler Irrigation,5660.778337,5807.75136
Kota,Pulses,Drip Irrigation,15473.72064,14767.45084
Kota,Cotton,Sprinkler Irrigation,10569.07904,10379.99167
Nagaur,Fennel,Drip Irrigation,14838.99014,15294.93877
Sri Ganganagar,Mustard,Sprinkler Irrigation,8966.38223,9951.933877
Bhilwara,Oilseeds,Sprinkler Irrigation,11379.8507,11581.52813
Nagaur,Oilseeds,Canal Irrigation,8123.68917,8494.871497
Bhilwara,Coriander,Drip Irrigation,8372.023489,8142.947255
Jodhpur,Wheat,Sprinkler Irrigation,9738.809833,10557.48828
Alwar,Pulses,Drip Irrigation,6936.134039,7739.350476
Nagaur,Barley,Drip Irrigation,7608.361869,7927.147091
Nagaur,Garlic,Drip Irrigation,12398.89445,12948.6353
Alwar,Chilli,Tube Well,10866.56894,9953.445509
Hanumangarh,Citrus,Sprinkler Irrigation,13144.77643,13109.02333
Alwar,Guava,Drip Irrigation,10456.90582,9965.941879
Ajmer,Mustard,Canal Irrigation,11010.51114,11097.97318
Sri Ganganagar,Bajra,Drip Irrigation,13129.22669,13708.07166
Nagaur,Chilli,Drip Irrigation,10096.85948,9846.919244
Ajmer,Opium,Canal Irrigation,9522.028581,8735.195013
Alwar,Fennel,Canal Irrigation,8385.900627,8458.110409
Nagaur,Guava,Canal Irrigation,13430.30422,13225.21252
Ajmer,Citrus,Tube Well,8172.130834,8290.318493
Bhilwara,Cotton,Canal Irrigation,10624.11967,11172.50864
Alwar,Pulses,Drip Irrigation,12439.31257,12332.50233
Kota,Gram,Sprinkler Irrigation,9523.558288,10095.72053
Hanumangarh,Coriander,Drip Irrigation,5538.563917,6467.70442
Jaipur,Mustard,Sprinkler Irrigation,10049.30966,10249.80054
Jodhpur,Mustard,Canal Irrigation,9925.043136,9085.122609
Jaipur,Pomegranate,Tube Well,12430.00092,12472.01201
Nagaur,Barley,Sprinkler Irrigation,11739.96657,11617.91067
Ajmer,Fenugreek,Canal Irrigation,7548.906593,8116.825483
Hanumangarh,Chilli,Sprinkler Irrigation,11562.62812,11910.67688
Udaipur,Maize,Drip Irrigation,15589.49965,14763.18527
Sri Ganganagar,Pomegranate,Canal Irrigation,10606.79975,10417.70169
Ajmer,Chilli,Drip Irrigation,14039.97778,13177.21213
Jodhpur,Garlic,Canal Irrigation,13431.99664,13550.22437
Nagaur,Guava,Canal Irrigation,15723.13793,15276.15362
Nagaur,Bajra,Tube Well,14997.40128,15147.21472
Sri Ganganagar,Oilseeds,Tube Well,10576.85049,10694.11192
Hanumangarh,Sugarcane,Canal Irrigation,15500.34492,16106.22941
Sri Ganganagar,Garlic,Canal Irrigation,12972.56453,13904.67544
Nagaur,Onion,Sprinkler Irrigation,12363.4764,13285.95385
Bhilwara,Fenugreek,Tube Well,13261.73045,13985.77701
Bhilwara,Gram,Canal Irrigation,6675.294867,6942.618462
Ajmer,Fenugreek,Sprinkler Irrigation,15246.38415,15071.23609
Udaipur,Chilli,Drip Irrigation,10782.35242,10309.0518
Sri Ganganagar,Mustard,Tube Well,10292.96425,10935.11363
Jodhpur,Garlic,Sprinkler Irrigation,10458.5215,10165.59735
Nagaur,Cotton,Sprinkler Irrigation,14597.9726,14964.18722
Ajmer,Onion,Sprinkler Irrigation,8254.397481,7738.510517
Sri Ganganagar,Bajra,Sprinkler Irrigation,8015.789943,7515.180811
Nagaur,Guava,Sprinkler Irrigation,12720.05023,11959.80721
Jodhpur,Fenugreek,Tube Well,13241.42737,13769.9158
Hanumangarh,Barley,Tube Well,7845.401422,7476.235234
Nagaur,Cotton,Tube Well,7012.390638,7540.915289
Hanumangarh,Cotton,Tube Well,7916.243268,8069.573641
Jaipur,Chilli,Tube Well,8611.594225,8693.130116
Hanumangarh,Guava,Tube Well,13501.91389,14053.72182
Bhilwara,Gram,Tube Well,10309.74413,9326.581342
Ajmer,Pomegranate,Drip Irrigation,8947.57519,9173.131382
Sri Ganganagar,Oilseeds,Canal Irrigation,8321.910312,8264.601041
Nagaur,Mango,Canal Irrigation,6690.53883,6538.424591
Alwar,Opium,Canal Irrigation,8713.367048,8514.552243
Bhilwara,Oilseeds,Sprinkler Irrigation,14257.65671,14629.68053
Jodhpur,Cotton,Sprinkler Irrigation,10648.63544,11361.25292
Ajmer,Pulses,Sprinkler Irrigation,11571.45029,10590.93488
Alwar,Onion,Sprinkler Irrigation,15794.36488,16493.14471
Hanumangarh,Garlic,Canal Irrigation,11615.54357,11215.61193
Hanumangarh,Cumin,Drip Irrigation,9821.907159,10202.99351
Jaipur,Bajra,Canal Irrigation,10801.46794,11061.19237
Bhilwara,Mango,Canal Irrigation,10303.14306,10423.84313
Sri Ganganagar,Guava,Drip Irrigation,11239.89693,10942.07791
Nagaur,Bajra,Sprinkler Irrigation,13310.5613,12879.77876
Udaipur,Fenugreek,Tube Well,11920.79824,11814.65847
Jodhpur,Pomegranate,Canal Irrigation,8894.338097,9807.526959
Kota,Fennel,Canal Irrigation,9567.094384,9791.71466
Alwar,Mustard,Drip Irrigation,7805.805262,7262.24114
Udaipur,Fennel,Canal Irrigation,13617.59403,13828.36397
Alwar,Cotton,Tube Well,12929.81152,13807.35119
Nagaur,Chilli,Tube Well,9414.820996,8782.593394
Jaipur,Pulses,Sprinkler Irrigation,12139.67822,13020.55289
Jodhpur,Bajra,Sprinkler Irrigation,8773.893688,7965.001126
Bhilwara,Garlic,Drip Irrigation,7540.58891,7334.613951
Jodhpur,Gram,Canal Irrigation,9703.994034,8872.616567
Alwar,Sugarcane,Sprinkler Irrigation,8378.54678,7946.89734
Kota,Pulses,Sprinkler Irrigation,7523.34071,7850.438981
Udaipur,Onion,Tube Well,14784.88057,14866.04889
Sri Ganganagar,Garlic,Tube Well,7078.901355,7975.873619
Hanumangarh,Oilseeds,Tube Well,11261.95191,11533.65418
Nagaur,Citrus,Canal Irrigation,13924.5074,13887.81076
Ajmer,Mustard,Tube Well,9974.913485,9799.321096
Kota,Sugarcane,Drip Irrigation,4673.530139,5304.289717
Kota,Guava,Canal Irrigation,11790.37738,10807.0116
Bhilwara,Onion,Canal Irrigation,5216.115117,5076.985744
Sri Ganganagar,Coriander,Sprinkler Irrigation,12819.70117,12916.12556
Ajmer,Citrus,Tube Well,9142.72145,8469.26044
Alwar,Pomegranate,Sprinkler Irrigation,8859.254552,8703.733317
Ajmer,Chilli,Canal Irrigation,7193.762968,7679.616753
Sri Ganganagar,Citrus,Sprinkler Irrigation,14313.65227,13678.46662
Sri Ganganagar,Gram,Tube Well,13899.57854,13443.8468
Nagaur,Onion,Sprinkler Irrigation,7674.505236,6978.803847
Hanumangarh,Wheat,Sprinkler Irrigation,15030.82889,14595.05796
Kota,Opium,Tube Well,11713.5756,11179.19659
Kota,Wheat,Tube Well,8293.472954,8133.959009
Bhilwara,Guava,Tube Well,12295.91217,11359.38641
Jodhpur,Pulses,Drip Irrigation,7859.777358,7644.620908
Hanumangarh,Onion,Sprinkler Irrigation,8106.842771,8789.921347
Alwar,Wheat,Drip Irrigation,17436.65886,17866.0239
Alwar,Tomato,Sprinkler Irrigation,12397.296,11464.31658
Bhilwara,Gram,Sprinkler Irrigation,10993.57262,11356.45726
Sri Ganganagar,Mango,Sprinkler Irrigation,10154.20151,9238.573339
Hanumangarh,Chilli,Drip Irrigation,7487.903069,7764.943093
Ajmer,Guava,Drip Irrigation,14423.56033,13859.13683
Jodhpur,Maize,Tube Well,10244.54511,9579.26582
Sri Ganganagar,Cumin,Drip Irrigation,9902.321956,9388.500622
Jaipur,Cumin,Tube Well,11813.86396,11123.84784
Jodhpur,Maize,Sprinkler Irrigation,10498.52889,10870.41817
Udaipur,Fennel,Drip Irrigation,5720.462586,6009.612379
Hanumangarh,Gram,Sprinkler Irrigation,11018.71278,10652.1919
Hanumangarh,Fennel,Canal Irrigation,14418.79573,14296.23353
Ajmer,Wheat,Tube Well,8806.521619,8075.985966
Jaipur,Onion,Tube Well,10512.70914,10598.17729
Bhilwara,Bajra,Sprinkler Irrigation,11182.19502,10829.55677
Bhilwara,Cotton,Sprinkler Irrigation,6330.785622,5640.836578
Sri Ganganagar,Cotton,Canal Irrigation,10020.00476,10571.84058
Hanumangarh,Pomegranate,Sprinkler Irrigation,16874.74553,17114.21475
Udaipur,Coriander,Sprinkler Irrigation,8666.733713,7793.417226
Hanumangarh,Pomegranate,Sprinkler Irrigation,10332.60811,10327.70643
Hanumangarh,Pulses,Canal Irrigation,8326.867965,8608.675824
Jodhpur,Gram,Drip Irrigation,6869.831373,7745.430446
Kota,Barley,Sprinkler Irrigation,6837.301127,6220.534407
Jaipur,Cumin,Tube Well,11147.15481,11198.79753
Nagaur,Cotton,Drip Irrigation,10525.62714,10737.53439
Jodhpur,Wheat,Sprinkler Irrigation,13591.31945,14448.12689
Jodhpur,Tomato,Drip Irrigation,8693.042665,9179.997547
Alwar,Guava,Drip Irrigation,10909.23647,10440.86774
Jaipur,Mustard,Canal Irrigation,7376.595449,6808.395575
Hanumangarh,Gram,Drip Irrigation,11668.9426,11732.2647
Ajmer,Bajra,Sprinkler Irrigation,12010.235,12905.24169
Hanumangarh,Garlic,Tube Well,10209.99323,10742.56007
Nagaur,Guava,Tube Well,13422.89732,13277.0473
Jodhpur,Oilseeds,Sprinkler Irrigation,9623.49358,9632.879141
Kota,Garlic,Tube Well,15454.10281,16259.07275
Hanumangarh,Mango,Canal Irrigation,9724.950329,9991.431974
Udaipur,Coriander,Sprinkler Irrigation,10012.45334,9440.309608
Hanumangarh,Cotton,Canal Irrigation,14058.35972,13953.3593
Alwar,Wheat,Drip Irrigation,15865.55837,16057.08402
Hanumangarh,Pulses,Canal Irrigation,6123.282175,7092.071026
Ajmer,Mango,Drip Irrigation,13700.15472,14586.85054
Sri Ganganagar,Garlic,Sprinkler Irrigation,8202.166113,8122.905725
Kota,Pulses,Canal Irrigation,7848.415368,8012.72678
Ajmer,Cotton,Canal Irrigation,7931.240743,7730.83724
Ajmer,Mustard,Canal Irrigation,13273.22115,12619.02613
Nagaur,Gram,Canal Irrigation,5766.843842,6383.526186
Alwar,Mustard,Drip Irrigation,12394.9149,12063.69419
Alwar,Citrus,Drip Irrigation,13566.56146,13019.99681
Nagaur,Wheat,Tube Well,7085.039933,7133.806636
Udaipur,Garlic,Sprinkler Irrigation,8827.436799,9222.974104
Kota,Barley,Tube Well,16966.70819,17472.38859
Nagaur,Chilli,Drip Irrigation,6838.008501,6417.574559
Alwar,Pulses,Sprinkler Irrigation,9014.602706,8966.312015
Jaipur,Garlic,Tube Well,7315.642423,7112.696498
Alwar,Opium,Sprinkler Irrigation,13325.86492,13287.70993
Ajmer,Onion,Tube Well,12922.99221,12315.19081
Nagaur,Chilli,Sprinkler Irrigation,7836.61751,7369.131691
Alwar,Mango,Drip Irrigation,5186.493863,5013.657968
Udaipur,Guava,Sprinkler Irrigation,9063.443426,9251.197724
Jaipur,Sugarcane,Sprinkler Irrigation,15539.12148,15771.56347
Bhilwara,Coriander,Sprinkler Irrigation,10367.01702,11215.44343
Ajmer,Bajra,Canal Irrigation,8318.884321,8775.857827
Jodhpur,Gram,Drip Irrigation,7310.516573,7552.521458
Kota,Sugarcane,Drip Irrigation,9707.72086,10316.28241
Sri Ganganagar,Tomato,Tube Well,6944.652112,6362.671194
Hanumangarh,Bajra,Sprinkler Irrigation,8975.988385,9476.698683
Hanumangarh,Onion,Sprinkler Irrigation,12647.39407,12983.91524
Alwar,Cumin,Drip Irrigation,7880.682859,7000.902959
Ajmer,Opium,Canal Irrigation,6424.958748,6734.474491
Jaipur,Mustard,Tube Well,12358.59781,12684.56108
Udaipur,Gram,Drip Irrigation,8211.862079,8978.666709
Alwar,Maize,Tube Well,9862.175812,10281.55341
Udaipur,Onion,Drip Irrigation,7703.977881,7705.279527
Bhilwara,Garlic,Drip Irrigation,5666.525491,6511.065722
Sri Ganganagar,Mango,Tube Well,8504.656216,7818.666717
Udaipur,Fenugreek,Canal Irrigation,9823.318137,9427.97056
Hanumangarh,Cotton,Drip Irrigation,10295.83897,11053.19352
Jaipur,Garlic,Canal Irrigation,8565.309493,8248.881799
Alwar,Fenugreek,Sprinkler Irrigation,7104.261819,6868.676063
Nagaur,Fennel,Sprinkler Irrigation,8072.302979,8218.100085
Alwar,Sugarcane,Canal Irrigation,9362.07683,8625.621094
Kota,Cumin,Sprinkler Irrigation,15406.77623,15024.77302
Hanumangarh,Pulses,Tube Well,13493.23356,14444.78737
Kota,Fennel,Sprinkler Irrigation,8446.121406,8560.802002
Jodhpur,Oilseeds,Canal Irrigation,14182.05859,13473.10426
Jaipur,Mango,Tube Well,15798.49276,15405.18897
Sri Ganganagar,Pulses,Sprinkler Irrigation,6785.848113,6155.341107
Nagaur,Coriander,Canal Irrigation,10766.2651,10990.98914
Nagaur,Maize,Sprinkler Irrigation,13919.75791,13638.28058
Bhilwara,Pulses,Tube Well,14565.82879,14313.74759
Alwar,Onion,Tube Well,7946.074223,7332.593882
Jaipur,Citrus,Drip Irrigation,14451.1674,15351.56348
Ajmer,Fenugreek,Sprinkler Irrigation,11783.79352,10916.06617
Bhilwara,Coriander,Tube Well,11178.38913,11911.93894
Ajmer,Citrus,Tube Well,13664.46576,13880.32568
Alwar,Mango,Tube Well,11984.8501,12469.78581
Nagaur,Garlic,Drip Irrigation,12183.56791,12086.78709
Jaipur,Maize,Tube Well,15820.68531,14899.18855
Alwar,Chilli,Drip Irrigation,6549.980603,6429.088352
Sri Ganganagar,Sugarcane,Tube Well,8287.169652,7876.009102
Jaipur,Opium,Sprinkler Irrigation,9156.962291,9449.165306
Jodhpur,Chilli,Drip Irrigation,7325.435419,7496.33086
Hanumangarh,Pulses,Tube Well,9965.279231,9867.05094
Kota,Tomato,Sprinkler Irrigation,16725.48244,15905.84176
Udaipur,Opium,Sprinkler Irrigation,16342.00179,15589.09023
Jodhpur,Opium,Tube Well,12416.92132,11587.53441
Alwar,Chilli,Sprinkler Irrigation,9235.754331,8996.96835
Kota,Mango,Sprinkler Irrigation,7857.810877,7147.025625
Jaipur,Citrus,Canal Irrigation,9565.529047,10102.78989
Bhilwara,Sugarcane,Sprinkler Irrigation,6831.659051,6094.801114
Ajmer,Wheat,Canal Irrigation,7206.720663,7201.975878
Bhilwara,Garlic,Drip Irrigation,11735.78923,11722.72282
Ajmer,Cumin,Tube Well,10585.55288,10469.30361
Nagaur,Coriander,Drip Irrigation,8748.637486,8843.320705
Nagaur,Fennel,Sprinkler Irrigation,6711.782326,6008.294662
Udaipur,Barley,Sprinkler Irrigation,14832.50866,15166.50174
Nagaur,Sugarcane,Canal Irrigation,13401.81102,12499.87375
Alwar,Oilseeds,Sprinkler Irrigation,11376.12703,11598.30654
Nagaur,Cumin,Sprinkler Irrigation,13079.78237,13578.45199
Udaipur,Barley,Drip Irrigation,13484.29435,13129.93805
Alwar,Mustard,Tube Well,14648.34476,13778.1965
Bhilwara,Pulses,Drip Irrigation,12812.4188,12361.25589
Hanumangarh,Citrus,Sprinkler Irrigation,14315.80604,14539.91353
Jodhpur,Cumin,Drip Irrigation,10347.17331,10724.48187
Sri Ganganagar,Citrus,Canal Irrigation,8894.466283,9044.751661
Nagaur,Guava,Sprinkler Irrigation,10270.03048,10262.82433
Bhilwara,Onion,Sprinkler Irrigation,13412.85396,12878.29724
Sri Ganganagar,Bajra,Drip Irrigation,7555.182638,7484.953906
Jodhpur,Bajra,Tube Well,10552.23841,10219.82292
Hanumangarh,Fennel,Sprinkler Irrigation,5922.306322,5324.6806
Sri Ganganagar,Cotton,Drip Irrigation,8707.160736,8720.53999
Udaipur,Wheat,Drip Irrigation,10324.88693,10007.6101
Nagaur,Coriander,Drip Irrigation,13006.8102,12394.84136
Udaipur,Fenugreek,Tube Well,15513.85992,16108.36869
Kota,Onion,Sprinkler Irrigation,12314.61938,13098.73603
Hanumangarh,Mango,Tube Well,13709.56552,13537.47165
Jaipur,Chilli,Canal Irrigation,11139.65533,11496.05058
Hanumangarh,Garlic,Drip Irrigation,7879.924019,8250.910619
Udaipur,Mustard,Sprinkler Irrigation,7961.273257,7023.619586
Alwar,Fennel,Sprinkler Irrigation,11917.2482,11696.38075
Nagaur,Gram,Canal Irrigation,12867.18761,12496.1864
Jaipur,Cotton,Tube Well,7114.826905,7868.924371
Udaipur,Tomato,Canal Irrigation,7527.310611,7131.947208
Jodhpur,Guava,Drip Irrigation,10200.74328,11027.45097
Bhilwara,Chilli,Drip Irrigation,14638.50661,15448.41821
Kota,Bajra,Canal Irrigation,13627.38375,14092.26588
Hanumangarh,Sugarcane,Canal Irrigation,6660.721628,7404.319599
Hanumangarh,Fenugreek,Sprinkler Irrigation,8390.834978,7463.940052
Alwar,Opium,Drip Irrigation,5800.331231,6665.005919
Nagaur,Mustard,Canal Irrigation,11283.21783,10375.49737
Hanumangarh,Fenugreek,Canal Irrigation,6585.00933,7101.996971
Ajmer,Mango,Sprinkler Irrigation,8261.508814,7814.807891
Udaipur,Tomato,Drip Irrigation,7299.12422,6614.116249
Jodhpur,Wheat,Drip Irrigation,8811.686999,8512.323275
Udaipur,Cotton,Sprinkler Irrigation,14868.03934,15476.04501
Nagaur,Maize,Sprinkler Irrigation,6395.94203,6622.467797
Udaipur,Garlic,Tube Well,6549.114929,5607.100301
Jaipur,Gram,Tube Well,5332.45263,5185.384121
Kota,Opium,Tube Well,12018.70282,11643.58412
Ajmer,Opium,Drip Irrigation,13243.46174,13754.94761
Bhilwara,Cumin,Sprinkler Irrigation,5911.526944,6516.22794
Bhilwara,Gram,Tube Well,7454.83478,7743.672
Bhilwara,Onion,Sprinkler Irrigation,16143.44067,15430.88403
Nagaur,Cotton,Canal Irrigation,8929.086542,9328.315784
Udaipur,Mango,Tube Well,11980.72955,11111.45994
Jodhpur,Guava,Tube Well,9607.273703,8948.876793
Udaipur,Coriander,Sprinkler Irrigation,8766.605505,8577.97747
Jodhpur,Mango,Drip Irrigation,11665.67213,11731.16326
Alwar,Cumin,Tube Well,9154.015304,8641.397426
Kota,Onion,Tube Well,6491.731744,5908.208036
Nagaur,Citrus,Tube Well,10496.03315,10180.43482
Ajmer,Oilseeds,Drip Irrigation,12856.79532,13280.61297
Bhilwara,Gram,Tube Well,9376.41469,8571.722508
Bhilwara,Oilseeds,Canal Irrigation,16234.68303,15373.8983
Jodhpur,Fenugreek,Tube Well,10242.59925,10532.57748
Jaipur,Mustard,Sprinkler Irrigation,12872.89236,13647.41543
Jaipur,Pulses,Sprinkler Irrigation,8740.542057,8323.548564
Nagaur,Cumin,Tube Well,7440.109287,7803.142863
Udaipur,Sugarcane,Canal Irrigation,14637.84417,15511.19713
Udaipur,Mustard,Drip Irrigation,10394.76474,10415.6125
Kota,Sugarcane,Drip Irrigation,8430.653666,8528.423939
Jaipur,Wheat,Canal Irrigation,7227.499238,6791.917731
Jaipur,Maize,Tube Well,12260.05726,12048.59391
Udaipur,Opium,Tube Well,9685.957074,9556.337171
Ajmer,Fenugreek,Sprinkler Irrigation,9494.57654,8871.030216
Alwar,Guava,Tube Well,7218.176225,8213.088311
Kota,Pulses,Drip Irrigation,6031.495057,5062.910656
Bhilwara,Fenugreek,Tube Well,16090.02339,15361.57488
Kota,Fennel,Tube Well,15163.94978,15951.11471
Nagaur,Citrus,Sprinkler Irrigation,8226.8289,8075.078269
Bhilwara,Pomegranate,Canal Irrigation,7285.115978,7134.659692
Jaipur,Cumin,Tube Well,11582.77732,11056.27725
Hanumangarh,Cotton,Tube Well,13407.00554,13559.71025
Jaipur,Barley,Tube Well,12240.94753,11467.27627
Bhilwara,Opium,Drip Irrigation,6223.621395,6686.207761
Sri Ganganagar,Tomato,Drip Irrigation,9722.879825,9943.021044
Ajmer,Onion,Drip Irrigation,10936.18871,11014.58313
Nagaur,Sugarcane,Drip Irrigation,14425.18319,14495.24971
Jaipur,Onion,Tube Well,10687.56985,10626.03464
Udaipur,Citrus,Canal Irrigation,13588.23035,14184.6768
Sri Ganganagar,Oilseeds,Drip Irrigation,12472.16259,12667.43562
Sri Ganganagar,Cumin,Canal Irrigation,6194.533536,6140.8546
Kota,Cumin,Drip Irrigation,11583.42253,11166.92894
Nagaur,Wheat,Canal Irrigation,12097.0136,11350.65627
Jodhpur,Cotton,Canal Irrigation,8157.022241,7718.966104
Sri Ganganagar,Wheat,Drip Irrigation,9948.401486,10768.66446
Kota,Fenugreek,Tube Well,10101.86769,9452.666424
Ajmer,Onion,Sprinkler Irrigation,14264.93291,14988.96177
Udaipur,Mustard,Sprinkler Irrigation,10055.48158,10698.92911
Bhilwara,Citrus,Tube Well,8808.136977,8688.506994
Kota,Bajra,Canal Irrigation,7486.885655,7015.676647
Jodhpur,Barley,Sprinkler Irrigation,9033.817676,8986.28156
Bhilwara,Garlic,Sprinkler Irrigation,8554.083985,8965.299594
Bhilwara,Cotton,Sprinkler Irrigation,11870.40554,11739.8742
Sri Ganganagar,Tomato,Tube Well,12435.12483,13358.65028
Jaipur,Gram,Canal Irrigation,15411.12001,15274.69177
Sri Ganganagar,Mango,Canal Irrigation,8690.014378,7886.567955
Nagaur,Pomegranate,Tube Well,13464.63694,13962.81877
Nagaur,Bajra,Canal Irrigation,10494.50334,11480.93303
Udaipur,Garlic,Drip Irrigation,13317.78093,13981.15993
Jaipur,Citrus,Drip Irrigation,11982.04181,12353.04092
Udaipur,Maize,Canal Irrigation,8077.426146,7145.509671
Nagaur,Mustard,Drip Irrigation,14383.74002,14696.95106
Ajmer,Coriander,Drip Irrigation,10478.28625,9718.240474
Nagaur,Pulses,Tube Well,12519.90317,13319.6976
Nagaur,Oilseeds,Drip Irrigation,12962.27562,12468.9471
Bhilwara,Fenugreek,Drip Irrigation,11675.95619,12521.34697
Sri Ganganagar,Citrus,Canal Irrigation,9251.044913,9812.50751
Sri Ganganagar,Barley,Tube Well,9180.030218,10171.94735
Sri Ganganagar,Cotton,Sprinkler Irrigation,10527.8131,10511.25667
Ajmer,Coriander,Tube Well,6830.424922,6814.539511
Kota,Garlic,Tube Well,7946.718069,8233.394403
Bhilwara,Opium,Canal Irrigation,6808.763795,5954.602802
Nagaur,Cotton,Tube Well,6307.872962,6303.275718
Jaipur,Barley,Tube Well,8087.602264,8487.712662
Alwar,Cumin,Drip Irrigation,10498.5806,11378.40275
Bhilwara,Onion,Tube Well,10431.12896,10886.6638
Jodhpur,Garlic,Sprinkler Irrigation,5766.407617,6674.718309
Bhilwara,Gram,Canal Irrigation,7554.884209,7160.540362
Jaipur,Fennel,Drip Irrigation,10913.24647,11619.93063
Udaipur,Mustard,Tube Well,14618.42808,14198.34542
Ajmer,Oilseeds,Drip Irrigation,12807.00621,13128.47439
Sri Ganganagar,Opium,Tube Well,15038.43731,15299.67143
Udaipur,Onion,Drip Irrigation,13264.42618,13140.39368
Ajmer,Pulses,Drip Irrigation,7941.716516,8381.194585
Nagaur,Maize,Tube Well,9778.388589,10363.86693
Sri Ganganagar,Onion,Tube Well,14354.60731,13387.44388
Udaipur,Barley,Canal Irrigation,12064.057,11149.68607
Jodhpur,Bajra,Tube Well,13462.22994,14202.63
Hanumangarh,Pulses,Sprinkler Irrigation,13011.04926,12084.8046
Kota,Onion,Drip Irrigation,9389.109535,10225.14769
Jaipur,Maize,Sprinkler Irrigation,6088.111344,6353.434253
Sri Ganganagar,Gram,Tube Well,10677.83508,11348.53939
Jodhpur,Gram,Drip Irrigation,11188.69268,11787.04313
Ajmer,Mustard,Sprinkler Irrigation,11298.74409,11921.78615
Alwar,Mango,Drip Irrigation,13925.20531,14077.13933
Kota,Mango,Sprinkler Irrigation,13186.35728,13372.52778
Udaipur,Mustard,Drip Irrigation,8888.025672,9403.125844
Kota,Opium,Canal Irrigation,11498.95967,11376.28209
Nagaur,Barley,Sprinkler Irrigation,6952.117593,7646.851014
Nagaur,Pomegranate,Sprinkler Irrigation,6596.729919,6570.664869
Jaipur,Wheat,Sprinkler Irrigation,15026.5477,15440.03019
Nagaur,Sugarcane,Tube Well,10726.44336,11310.92479
Bhilwara,Opium,Sprinkler Irrigation,8538.20247,8817.853877
Hanumangarh,Tomato,Tube Well,8876.717234,8225.815106
Jaipur,Coriander,Sprinkler Irrigation,11504.13208,11728.23171
Jodhpur,Fennel,Canal Irrigation,9165.321933,8174.462016
Ajmer,Bajra,Drip Irrigation,15896.18643,16849.76939
Nagaur,Guava,Sprinkler Irrigation,9964.905629,10217.83412
Ajmer,Cotton,Drip Irrigation,8574.32837,9167.554313
Bhilwara,Onion,Sprinkler Irrigation,9196.046017,10041.3921
Jaipur,Fennel,Canal Irrigation,7892.338003,7761.681287
Udaipur,Coriander,Tube Well,5507.389544,5988.223314
Hanumangarh,Oilseeds,Sprinkler Irrigation,13466.50169,13436.62449
Jodhpur,Mustard,Sprinkler Irrigation,13394.0489,13579.46223
Udaipur,Citrus,Sprinkler Irrigation,12430.03147,13226.77698
Ajmer,Gram,Canal Irrigation,9219.919015,8694.155738
Alwar,Bajra,Tube Well,12145.25496,11292.3144
Nagaur,Onion,Drip Irrigation,14985.48344,14275.36599
Nagaur,Tomato,Sprinkler Irrigation,8911.254812,8184.064041
Ajmer,Fennel,Canal Irrigation,17321.24409,16725.66587
Kota,Barley,Drip Irrigation,10224.14388,9446.362425
Bhilwara,Tomato,Tube Well,6962.690542,6649.842559
Sri Ganganagar,Coriander,Sprinkler Irrigation,12385.67735,12661.67578
Nagaur,Oilseeds,Sprinkler Irrigation,7360.920783,8074.86831
Bhilwara,Bajra,Tube Well,13009.00115,12567.34291
Alwar,Maize,Sprinkler Irrigation,8905.040178,9063.974238
Nagaur,Pulses,Drip Irrigation,9784.725643,8873.174034
Bhilwara,Chilli,Drip Irrigation,7943.994593,7732.634906
Jodhpur,Tomato,Tube Well,8153.305462,8270.279395
Jaipur,Opium,Tube Well,13545.89218,12811.31619
Sri Ganganagar,Maize,Drip Irrigation,5840.427812,6178.499028
Kota,Opium,Tube Well,15702.14964,16196.72303
Jaipur,Tomato,Tube Well,11319.77653,12068.1746
Alwar,Oilseeds,Canal Irrigation,12587.97505,12995.77918
Jaipur,Fennel,Drip Irrigation,9199.905309,9581.406587
Hanumangarh,Barley,Canal Irrigation,9558.028739,9097.6075
Nagaur,Garlic,Sprinkler Irrigation,14123.76228,13285.68036
Udaipur,Barley,Canal Irrigation,14467.59416,13689.52725
Udaipur,Tomato,Drip Irrigation,9820.247776,9170.782582
Hanumangarh,Opium,Drip Irrigation,12116.36042,12663.51144
Kota,Mango,Sprinkler Irrigation,10497.01272,10795.08952
Nagaur,Opium,Sprinkler Irrigation,11996.21101,12517.98282
Udaipur,Guava,Canal Irrigation,9389.203042,9235.061292
Jaipur,Mustard,Canal Irrigation,8355.334628,8327.788438
Hanumangarh,Gram,Tube Well,16041.89188,16398.50846
Hanumangarh,Sugarcane,Tube Well,13030.96599,13630.77372
Jodhpur,Bajra,Tube Well,5868.969579,5650.334584
Kota,Sugarcane,Drip Irrigation,6060.642053,5612.527525
Kota,Onion,Sprinkler Irrigation,14543.52444,14584.89972
Jaipur,Sugarcane,Tube Well,15532.08297,15614.95289
Kota,Onion,Canal Irrigation,10318.04235,10793.46084
Jaipur,Sugarcane,Sprinkler Irrigation,6399.127693,7142.715095
Ajmer,Chilli,Canal Irrigation,9583.469377,9269.054334
Udaipur,Onion,Tube Well,10453.94558,10588.4489
Sri Ganganagar,Oilseeds,Canal Irrigation,8110.104331,7853.908964
Sri Ganganagar,Barley,Sprinkler Irrigation,7141.194633,7053.047708
Kota,Coriander,Sprinkler Irrigation,12121.21302,11691.70618
Kota,Opium,Sprinkler Irrigation,6816.884588,6050.719258
Udaipur,Cumin,Sprinkler Irrigation,10142.64844,9881.992729
Ajmer,Garlic,Drip Irrigation,15569.29897,16525.34409
Kota,Guava,Tube Well,11257.84033,10583.03555
Sri Ganganagar,Gram,Drip Irrigation,9338.785099,9337.61893
Kota,Tomato,Canal Irrigation,8087.025431,9027.325758
Hanumangarh,Chilli,Canal Irrigation,12395.98343,11987.09717
Sri Ganganagar,Cumin,Sprinkler Irrigation,13750.55006,14207.63764
Bhilwara,Mango,Drip Irrigation,13348.47188,14148.82082
Kota,Fenugreek,Drip Irrigation,10576.89197,10380.15181
Ajmer,Tomato,Canal Irrigation,6059.669863,5169.737135
Ajmer,Cumin,Sprinkler Irrigation,13648.76622,14182.95646
Ajmer,Wheat,Drip Irrigation,9840.984479,9731.900643
Jodhpur,Chilli,Tube Well,8180.575452,7816.091077
Nagaur,Chilli,Drip Irrigation,12873.69048,12595.82022
Kota,Opium,Tube Well,8937.405462,8683.067764
Sri Ganganagar,Guava,Canal Irrigation,8513.892562,8405.044644
Hanumangarh,Mustard,Sprinkler Irrigation,13775.39657,13663.8373
Alwar,Tomato,Canal Irrigation,8160.576332,8616.577673
Alwar,Citrus,Sprinkler Irrigation,11835.44325,12031.31467
Kota,Bajra,Canal Irrigation,10327.94384,11062.99548
Udaipur,Mustard,Tube Well,6313.80159,6132.722868
Sri Ganganagar,Citrus,Sprinkler Irrigation,9617.67665,10038.17066
Kota,Bajra,Sprinkler Irrigation,13197.7855,12776.71183
Bhilwara,Barley,Canal Irrigation,13094.46749,12702.29625
Hanumangarh,Tomato,Sprinkler Irrigation,7756.20982,6761.103169
Sri Ganganagar,Sugarcane,Tube Well,7425.755472,7757.582395
Sri Ganganagar,Citrus,Sprinkler Irrigation,8990.539719,9366.226091
Ajmer,Wheat,Drip Irrigation,12154.89706,12140.99751
Jodhpur,Coriander,Canal Irrigation,12376.56369,12507.71287
Sri Ganganagar,Fennel,Tube Well,17852.60968,18489.17127
Udaipur,Chilli,Drip Irrigation,11449.39055,10775.08502
Jaipur,Pulses,Canal Irrigation,8241.386062,8627.952151
Udaipur,Oilseeds,Drip Irrigation,10035.75335,9874.781361
Udaipur,Barley,Canal Irrigation,8961.018206,9238.911257
Jodhpur,Chilli,Sprinkler Irrigation,11778.05954,11144.55454
Jodhpur,Coriander,Sprinkler Irrigation,11475.80445,12220.69072
Sri Ganganagar,Cotton,Canal Irrigation,5053.718621,5213.811904
Kota,Wheat,Sprinkler Irrigation,10667.1362,10413.16459
Bhilwara,Citrus,Canal Irrigation,14756.56274,14082.62103
Ajmer,Pulses,Sprinkler Irrigation,14730.46282,15320.6763
Hanumangarh,Coriander,Drip Irrigation,8766.947632,9599.009952
Jodhpur,Pulses,Drip Irrigation,10404.05607,10027.203
Udaipur,Pulses,Tube Well,12711.24546,12906.54273
Udaipur,Oilseeds,Canal Irrigation,6418.676335,7047.824552
Ajmer,Pulses,Sprinkler Irrigation,11100.78018,10715.63683
Ajmer,Pulses,Drip Irrigation,9422.358174,9948.40555
Jodhpur,Mustard,Drip Irrigation,11680.43606,12195.10413
Jaipur,Bajra,Drip Irrigation,6705.033459,7024.611146
Nagaur,Barley,Tube Well,7677.250652,7183.275594
Jodhpur,Sugarcane,Drip Irrigation,12490.85039,13055.59202
Nagaur,Bajra,Sprinkler Irrigation,7692.338336,7395.405669
Jodhpur,Pulses,Canal Irrigation,12432.99936,12128.67244
Kota,Chilli,Sprinkler Irrigation,10228.19852,9364.872596
Nagaur,Wheat,Sprinkler Irrigation,12379.83859,13308.36619
Kota,Garlic,Drip Irrigation,18631.09133,17828.46276
Ajmer,Chilli,Tube Well,8264.241695,8443.002837
Bhilwara,Fenugreek,Drip Irrigation,8744.458063,8454.102753
Alwar,Citrus,Sprinkler Irrigation,11687.74635,11502.90229
Udaipur,Gram,Tube Well,7189.090151,6460.914891
Udaipur,Opium,Canal Irrigation,12951.16696,12032.38409
Udaipur,Onion,Drip Irrigation,9815.154579,9729.046112
Sri Ganganagar,Fenugreek,Tube Well,8345.467035,8160.031476
Alwar,Bajra,Drip Irrigation,13978.14248,14583.01528
Udaipur,Oilseeds,Drip Irrigation,16822.45737,16805.75411
Jodhpur,Pomegranate,Tube Well,11877.61782,12230.65515
Jodhpur,Pulses,Tube Well,9004.616852,9185.731317
Jodhpur,Oilseeds,Drip Irrigation,8050.000575,7448.173346
Ajmer,Coriander,Tube Well,6960.644618,7636.862881
Bhilwara,Cotton,Canal Irrigation,11782.13899,12384.10745
Alwar,Guava,Tube Well,11923.86301,12824.14065
Bhilwara,Chilli,Canal Irrigation,8232.959472,8142.228955
Jodhpur,Cotton,Tube Well,9996.419335,10253.16139
Kota,Wheat,Drip Irrigation,12586.05566,13246.68059
Bhilwara,Fenugreek,Drip Irrigation,14834.22867,14599.49464
Udaipur,Pulses,Canal Irrigation,12581.68561,11774.35287
Jodhpur,Fenugreek,Tube Well,10183.38735,9587.25086
Bhilwara,Onion,Canal Irrigation,10221.73523,10840.69842
Hanumangarh,Garlic,Drip Irrigation,14881.13292,13944.32997
Alwar,Gram,Tube Well,11257.24379,11962.99237
Bhilwara,Tomato,Drip Irrigation,5986.049264,6099.382365
Sri Ganganagar,Opium,Sprinkler Irrigation,8467.326204,7736.302688
Alwar,Onion,Drip Irrigation,11808.79736,11789.90479
Hanumangarh,Fenugreek,Tube Well,9629.843677,10338.54662
Hanumangarh,Barley,Tube Well,7374.706139,7556.796376
Alwar,Coriander,Canal Irrigation,12092.94143,11661.81651
Jaipur,Wheat,Drip Irrigation,7021.777144,6754.597332
Nagaur,Wheat,Canal Irrigation,8855.178853,8711.475234
Udaipur,Citrus,Canal Irrigation,5072.651299,4561.109072
Ajmer,Fennel,Canal Irrigation,12349.41084,13170.18887
Jodhpur,Sugarcane,Drip Irrigation,10190.62478,9230.048762
Udaipur,Barley,Tube Well,12696.51843,12541.46451
Hanumangarh,Citrus,Canal Irrigation,5480.118817,5419.518619
Jaipur,Mango,Tube Well,10908.85768,10553.70041
Jodhpur,Onion,Drip Irrigation,12209.80808,11621.62472
Bhilwara,Chilli,Canal Irrigation,7948.719494,7547.761289
Alwar,Bajra,Tube Well,12502.22588,13450.4404
Jodhpur,Garlic,Sprinkler Irrigation,7955.823722,7050.886444
Nagaur,Pomegranate,Sprinkler Irrigation,11716.43888,12632.32101
Nagaur,Gram,Canal Irrigation,8847.156613,8980.013203
Hanumangarh,Onion,Tube Well,9035.954475,9627.257974
Sri Ganganagar,Chilli,Canal Irrigation,10593.38773,10673.28288
Ajmer,Citrus,Tube Well,8913.253097,8943.991562
Hanumangarh,Oilseeds,Drip Irrigation,11748.25844,11780.70667
Kota,Cumin,Tube Well,9033.17584,9957.40999
Bhilwara,Cotton,Tube Well,15002.26221,15455.49235
Jaipur,Chilli,Sprinkler Irrigation,8479.514014,7775.001392
Kota,Fenugreek,Canal Irrigation,15505.27386,15325.79438
Jodhpur,Fennel,Sprinkler Irrigation,14563.80762,14097.67714
Sri Ganganagar,Fennel,Sprinkler Irrigation,7939.937868,8142.402407
Alwar,Maize,Drip Irrigation,6997.249191,6052.657539
Sri Ganganagar,Tomato,Tube Well,11365.79779,11238.06361
Jaipur,Bajra,Sprinkler Irrigation,8846.00298,7904.286715
Sri Ganganagar,Fenugreek,Sprinkler Irrigation,12031.42252,11115.88726
Bhilwara,Wheat,Drip Irrigation,14163.87759,13331.73667
Nagaur,Sugarcane,Drip Irrigation,16502.99341,16317.00712
Udaipur,Fenugreek,Drip Irrigation,10597.7425,11277.36345
Kota,Maize,Drip Irrigation,11351.10483,11351.60189
Jodhpur,Chilli,Canal Irrigation,11453.42947,10633.92704
Nagaur,Gram,Canal Irrigation,8038.06284,8206.715281
Alwar,Maize,Tube Well,8278.907987,7492.536013
Ajmer,Cotton,Tube Well,11425.95265,12151.75252
Jaipur,Onion,Canal Irrigation,12028.43812,11254.36081
Hanumangarh,Citrus,Tube Well,11115.22463,12041.85531
Kota,Guava,Tube Well,11629.7746,12272.50533
Jaipur,Fennel,Drip Irrigation,12094.26981,12418.71668
Jaipur,Opium,Sprinkler Irrigation,7627.310715,7396.69114
Udaipur,Fenugreek,Drip Irrigation,10413.52151,9886.285296
Bhilwara,Pomegranate,Drip Irrigation,12193.86909,11979.82023
Sri Ganganagar,Sugarcane,Drip Irrigation,14449.43406,14962.76992
Sri Ganganagar,Bajra,Sprinkler Irrigation,15528.13214,15790.83755
Alwar,Barley,Canal Irrigation,12545.4792,13191.87476
Bhilwara,Onion,Tube Well,16516.89643,16182.34086
Alwar,Gram,Sprinkler Irrigation,12913.9162,12926.58523
Udaipur,Citrus,Canal Irrigation,11118.11462,10172.8164
Jaipur,Fennel,Sprinkler Irrigation,10903.62159,11485.66022
Kota,Wheat,Tube Well,8467.265465,8078.360541
Nagaur,Mustard,Drip Irrigation,6610.14311,6642.874892
Kota,Coriander,Tube Well,14303.01219,13941.81045
Bhilwara,Pulses,Canal Irrigation,7691.244304,7877.285135
Udaipur,Sugarcane,Sprinkler Irrigation,7133.565729,6868.764855
Alwar,Pomegranate,Sprinkler Irrigation,5459.317,4505.257189
Hanumangarh,Fennel,Sprinkler Irrigation,12894.04065,13842.29579
Ajmer,Cotton,Sprinkler Irrigation,6833.142224,7069.150324
Nagaur,Cotton,Sprinkler Irrigation,6156.527636,5892.367944
Nagaur,Gram,Drip Irrigation,13044.74172,12915.05919
Bhilwara,Fenugreek,Tube Well,6100.508016,6527.63544
Ajmer,Cotton,Canal Irrigation,13796.69415,13560.84118
Alwar,Bajra,Sprinkler Irrigation,13113.39831,12679.3328
Ajmer,Citrus,Sprinkler Irrigation,10211.16193,9503.047637
Sri Ganganagar,Cotton,Sprinkler Irrigation,12282.2966,13096.95307
Udaipur,Cumin,Tube Well,6299.818711,6237.581927
Udaipur,Opium,Tube Well,12890.67772,13317.34962
Alwar,Coriander,Canal Irrigation,6830.890015,6944.889964
Jaipur,Mango,Sprinkler Irrigation,9686.704406,9395.307773
Nagaur,Fenugreek,Drip Irrigation,5438.249894,5447.33389
Alwar,Sugarcane,Tube Well,9678.090296,8942.566803
Hanumangarh,Barley,Sprinkler Irrigation,8634.324787,8641.818231
Udaipur,Tomato,Sprinkler Irrigation,5741.696897,6162.208047
Alwar,Pulses,Canal Irrigation,7118.811216,6207.135539
Kota,Onion,Canal Irrigation,12395.02992,13247.50401
Sri Ganganagar,Cotton,Canal Irrigation,11376.22827,11247.77901
Kota,Mango,Tube Well,12484.25317,11786.78267
Bhilwara,Barley,Sprinkler Irrigation,7095.852075,6555.573166
Jaipur,Onion,Canal Irrigation,8018.848007,7953.113687
Jodhpur,Onion,Drip Irrigation,10307.85325,11285.49042
Hanumangarh,Onion,Tube Well,10766.86566,11458.54237
Kota,Gram,Canal Irrigation,7163.283217,7899.629436
Kota,Oilseeds,Canal Irrigation,9369.466939,9695.742296
Ajmer,Cumin,Drip Irrigation,11546.48612,11688.06174
Alwar,Mustard,Sprinkler Irrigation,13705.24024,14059.05728
Udaipur,Wheat,Canal Irrigation,10898.39034,11259.66916
Alwar,Guava,Drip Irrigation,13202.48578,12510.03672
Jodhpur,Tomato,Tube Well,10046.85234,10957.2554
Nagaur,Fenugreek,Drip Irrigation,8844.268049,7931.962048
Nagaur,Tomato,Canal Irrigation,15011.75612,16011.39834
Nagaur,Pulses,Sprinkler Irrigation,15740.43146,16343.54738
Sri Ganganagar,Mango,Drip Irrigation,14067.41624,14161.72869
Nagaur,Pomegranate,Drip Irrigation,8331.344159,7687.36576
Alwar,Mustard,Drip Irrigation,14521.55138,13847.43275
Alwar,Sugarcane,Sprinkler Irrigation,8027.022644,8008.712839
Alwar,Sugarcane,Sprinkler Irrigation,9588.476682,8780.699677
Udaipur,Chilli,Sprinkler Irrigation,11541.94781,12312.77389
Bhilwara,Cotton,Tube Well,8182.760003,8027.832702
Udaipur,Coriander,Sprinkler Irrigation,10921.13757,10773.17177
Jaipur,Chilli,Canal Irrigation,15127.41179,15480.29186
Kota,Onion,Drip Irrigation,9516.809647,9391.520685
Bhilwara,Sugarcane,Sprinkler Irrigation,15072.94575,15441.57362
Sri Ganganagar,Maize,Tube Well,8680.03315,7775.489699
Jodhpur,Barley,Drip Irrigation,10223.5105,10049.54931
Bhilwara,Fenugreek,Canal Irrigation,10637.32123,10808.457
Hanumangarh,Wheat,Drip Irrigation,11628.13462,11553.89251
Kota,Pomegranate,Drip Irrigation,7783.904317,8537.415012
Sri Ganganagar,Mango,Tube Well,13456.82366,13356.71947
Sri Ganganagar,Mango,Sprinkler Irrigation,6794.217285,5950.658344
Nagaur,Cotton,Drip Irrigation,10268.31714,9304.147579
Alwar,Gram,Drip Irrigation,5961.018345,5915.258093
Alwar,Fenugreek,Tube Well,9270.968082,9897.233042
Nagaur,Guava,Tube Well,14413.96948,13589.23975
Kota,Wheat,Sprinkler Irrigation,6592.136115,5623.906608
Ajmer,Wheat,Sprinkler Irrigation,10457.68019,9747.988571
Ajmer,Citrus,Sprinkler Irrigation,8098.752696,8638.194989
Kota,Onion,Tube Well,5882.973021,5215.184008
Kota,Opium,Tube Well,13120.87594,13063.85433
Bhilwara,Cumin,Sprinkler Irrigation,8969.528013,9108.388937
Alwar,Barley,Canal Irrigation,7262.32941,7523.14917
Alwar,Citrus,Tube Well,12638.37382,12830.05292
Hanumangarh,Sugarcane,Drip Irrigation,11438.12267,11410.32459
Nagaur,Coriander,Tube Well,9172.024048,8293.433412
Jaipur,Citrus,Canal Irrigation,10164.10537,9699.803108
Alwar,Onion,Drip Irrigation,9945.804199,10823.73315
Udaipur,Tomato,Tube Well,6948.836672,6524.858235
Ajmer,Onion,Canal Irrigation,11618.40525,11633.67714
Nagaur,Fenugreek,Canal Irrigation,15100.29348,15807.20106
Bhilwara,Pulses,Canal Irrigation,11406.57518,11187.31764
Alwar,Fenugreek,Canal Irrigation,15779.47233,16378.98245
Kota,Coriander,Sprinkler Irrigation,8088.553494,8587.062097
Bhilwara,Pulses,Sprinkler Irrigation,7534.106107,7745.604121
Jodhpur,Citrus,Tube Well,9031.82612,8450.692002
Jaipur,Wheat,Canal Irrigation,16092.81368,15806.90143
Kota,Oilseeds,Drip Irrigation,14393.82645,14069.29596
Jodhpur,Coriander,Sprinkler Irrigation,7380.173967,6828.365244
Sri Ganganagar,Mango,Canal Irrigation,13523.13613,14063.32591
Hanumangarh,Cotton,Sprinkler Irrigation,13740.20433,14487.59568
Nagaur,Fenugreek,Drip Irrigation,13047.37321,13900.63741
Bhilwara,Tomato,Drip Irrigation,11035.28739,11598.59219
Nagaur,Gram,Drip Irrigation,10252.36347,9586.456069
Jodhpur,Bajra,Canal Irrigation,7592.191946,7176.437921
Bhilwara,Chilli,Tube Well,11143.4988,10342.08728
Udaipur,Mango,Sprinkler Irrigation,7381.405459,6785.18612
Alwar,Wheat,Sprinkler Irrigation,13237.01182,13184.33848
Sri Ganganagar,Chilli,Sprinkler Irrigation,7955.05355,7699.926265
Alwar,Guava,Sprinkler Irrigation,8522.951454,9029.965796
Alwar,Maize,Sprinkler Irrigation,12600.31328,12427.13212
Alwar,Tomato,Canal Irrigation,14275.04322,14160.2006
Jaipur,Opium,Drip Irrigation,6712.993163,6342.602307
Kota,Citrus,Drip Irrigation,9108.540519,8182.727986
Kota,Cumin,Drip Irrigation,15088.2259,16048.32005
Hanumangarh,Sugarcane,Tube Well,8888.707745,9250.44906
Hanumangarh,Sugarcane,Canal Irrigation,12579.51717,11595.32163
Sri Ganganagar,Chilli,Sprinkler Irrigation,13068.75575,12961.13385
Ajmer,Garlic,Tube Well,13050.12719,13825.47698
Alwar,Bajra,Canal Irrigation,6214.929226,6289.796212
Alwar,Pulses,Canal Irrigation,8633.055423,8656.398637
Sri Ganganagar,Chilli,Canal Irrigation,12004.15004,11324.20472
Jaipur,Garlic,Canal Irrigation,8378.946113,8927.261688
Alwar,Chilli,Drip Irrigation,13620.51432,14303.6812
Sri Ganganagar,Fennel,Canal Irrigation,7090.404122,7603.524009
Jodhpur,Tomato,Canal Irrigation,11659.04084,10669.46763
Udaipur,Maize,Sprinkler Irrigation,8680.344395,8249.415385
Nagaur,Fenugreek,Sprinkler Irrigation,12184.96737,12224.30067
Ajmer,Gram,Canal Irrigation,10428.86594,9813.976461
Udaipur,Tomato,Drip Irrigation,6772.560136,6623.944401
Alwar,Mustard,Drip Irrigation,6443.783744,7220.802338
Bhilwara,Bajra,Tube Well,5664.668931,6018.313816
Alwar,Cumin,Tube Well,13167.97689,13336.58444
Alwar,Tomato,Tube Well,12226.92394,12060.76864
Kota,Pulses,Sprinkler Irrigation,10097.40363,10012.82923
Hanumangarh,Chilli,Drip Irrigation,11954.39627,11865.26102
Jaipur,Oilseeds,Canal Irrigation,14206.98257,13444.51469
Alwar,Gram,Drip Irrigation,9773.41397,9352.59512
Hanumangarh,Pulses,Drip Irrigation,10160.28552,11142.32572
Sri Ganganagar,Sugarcane,Tube Well,5845.57984,5131.318623
Nagaur,Citrus,Drip Irrigation,12695.00031,12305.32824
Sri Ganganagar,Bajra,Sprinkler Irrigation,11978.69074,11956.27806
Jodhpur,Garlic,Canal Irrigation,6286.133219,5375.498171
Bhilwara,Cumin,Canal Irrigation,10701.52903,11502.10361
Alwar,Onion,Sprinkler Irrigation,11867.53394,11877.06166
Bhilwara,Tomato,Tube Well,6389.384383,6845.112695
Jodhpur,Coriander,Tube Well,9052.480195,9852.96903
Udaipur,Garlic,Drip Irrigation,14888.01041,15668.09674
Sri Ganganagar,Fennel,Drip Irrigation,14614.34094,15028.75819
Nagaur,Fennel,Canal Irrigation,10433.48021,9681.043435
Hanumangarh,Mustard,Sprinkler Irrigation,13993.68205,14077.35071
Jaipur,Cumin,Sprinkler Irrigation,11573.02095,11578.29855
Jaipur,Gram,Sprinkler Irrigation,14615.2967,14165.22175
Ajmer,Maize,Tube Well,6188.138355,6255.226089
Udaipur,Pomegranate,Drip Irrigation,11020.64323,11888.3408
Udaipur,Citrus,Sprinkler Irrigation,7995.988967,8715.285788
Udaipur,Pomegranate,Canal Irrigation,6573.986173,7533.5584
Hanumangarh,Oilseeds,Canal Irrigation,7516.005473,7027.114524
Jodhpur,Pulses,Canal Irrigation,14837.31993,15194.53706
Jaipur,Coriander,Canal Irrigation,9688.745624,10115.34687
Sri Ganganagar,Pomegranate,Drip Irrigation,9191.00865,9016.654274
Udaipur,Cotton,Tube Well,13020.90917,13819.91218
Jaipur,Bajra,Sprinkler Irrigation,12647.30341,12819.36156
Bhilwara,Chilli,Tube Well,11960.80291,11499.37797
Udaipur,Tomato,Tube Well,6536.015734,5593.828609
Ajmer,Wheat,Canal Irrigation,10071.42556,10243.77095
Jodhpur,Maize,Sprinkler Irrigation,9541.705413,9355.197256
Jodhpur,Fennel,Sprinkler Irrigation,12329.00766,11613.74172
Hanumangarh,Oilseeds,Sprinkler Irrigation,10711.27186,10558.77678
Hanumangarh,Tomato,Drip Irrigation,5627.102215,5556.406323
Nagaur,Sugarcane,Sprinkler Irrigation,7049.046866,7916.060498
Bhilwara,Cotton,Canal Irrigation,13119.93241,12880.23944
Udaipur,Fennel,Sprinkler Irrigation,13331.07052,13351.72736
Jaipur,Oilseeds,Drip Irrigation,9414.524911,9205.134713
Jodhpur,Pulses,Canal Irrigation,14574.80399,13996.50434
Hanumangarh,Mango,Canal Irrigation,12148.55618,13107.83688
Bhilwara,Cotton,Sprinkler Irrigation,12431.49424,12074.77075
Ajmer,Tomato,Canal Irrigation,4958.727042,5342.417163
Jaipur,Coriander,Tube Well,5870.109123,4889.266349
Kota,Citrus,Tube Well,13949.24518,14025.50808
Jodhpur,Garlic,Drip Irrigation,13964.53159,14596.64479
Bhilwara,Fenugreek,Drip Irrigation,7887.416531,8512.979025
Nagaur,Guava,Tube Well,7554.88023,8090.811919
Jaipur,Gram,Tube Well,10924.99337,10310.97509
Jaipur,Maize,Drip Irrigation,14425.02599,14786.13469
Udaipur,Bajra,Drip Irrigation,13263.7736,13514.24671
Ajmer,Maize,Tube Well,16104.83833,15178.43041
Bhilwara,Opium,Sprinkler Irrigation,5841.960732,6810.487808
Alwar,Gram,Canal Irrigation,9226.887721,9214.910364
Hanumangarh,Bajra,Sprinkler Irrigation,5979.184725,5235.677515
Jodhpur,Pulses,Canal Irrigation,16652.95404,17363.91196
Hanumangarh,Cotton,Sprinkler Irrigation,13255.5793,12301.81431
Hanumangarh,Coriander,Canal Irrigation,11830.99277,12597.19664
Jaipur,Citrus,Drip Irrigation,13274.41758,12920.41611
Alwar,Cotton,Drip Irrigation,14429.67211,14362.84557
Udaipur,Chilli,Drip Irrigation,16223.12114,15672.21755
Sri Ganganagar,Citrus,Tube Well,10808.9501,10592.66787
Udaipur,Mustard,Drip Irrigation,14675.20751,14126.46352
Alwar,Mustard,Sprinkler Irrigation,8001.6475,7660.096767
Jodhpur,Fennel,Drip Irrigation,5302.823539,5166.721426
Jaipur,Cumin,Canal Irrigation,15567.96604,15062.27317
Bhilwara,Maize,Canal Irrigation,11917.01265,12560.28024
Hanumangarh,Maize,Drip Irrigation,13263.15776,13502.29087
Jodhpur,Fennel,Tube Well,9980.289076,9151.358474
Jaipur,Barley,Tube Well,8300.162932,8995.547221
Jodhpur,Pulses,Drip Irrigation,13077.09762,12960.93443
Sri Ganganagar,Coriander,Tube Well,6191.394132,6546.523047
Hanumangarh,Barley,Canal Irrigation,12913.49563,12716.86175
Nagaur,Citrus,Sprinkler Irrigation,13025.66206,13600.61167
Nagaur,Wheat,Tube Well,10243.22079,10833.55014
Nagaur,Coriander,Drip Irrigation,8055.923952,8931.093656
Jaipur,Tomato,Canal Irrigation,11539.31854,10755.33172
Jaipur,Coriander,Drip Irrigation,12716.65436,13398.21329
Nagaur,Pulses,Canal Irrigation,8726.456184,8689.25479
Nagaur,Tomato,Sprinkler Irrigation,7600.513585,8194.564753
Jaipur,Pulses,Canal Irrigation,11001.11378,11027.36526
Udaipur,Sugarcane,Sprinkler Irrigation,8191.028657,7808.377486
Udaipur,Sugarcane,Canal Irrigation,15018.40742,15053.7686
Kota,Barley,Sprinkler Irrigation,10002.79758,10673.14744
Jaipur,Citrus,Canal Irrigation,8134.08781,7534.831617
Ajmer,Mustard,Canal Irrigation,6854.972214,6806.422334
Bhilwara,Coriander,Canal Irrigation,14599.36564,14731.55946
Udaipur,Coriander,Canal Irrigation,10167.39574,9491.955712
Bhilwara,Barley,Tube Well,7729.18636,6736.580505
Ajmer,Opium,Sprinkler Irrigation,9343.571349,8769.848364
Bhilwara,Mango,Tube Well,7151.9936,6520.482624
Jaipur,Guava,Drip Irrigation,7019.960244,6079.995422
Jodhpur,Pulses,Canal Irrigation,11188.18907,11450.85822
Udaipur,Barley,Drip Irrigation,7295.508888,6863.710656
Ajmer,Cotton,Sprinkler Irrigation,9473.580498,9582.590408
Kota,Bajra,Drip Irrigation,6001.7501,5525.327312
Jodhpur,Wheat,Sprinkler Irrigation,8860.161716,9434.989877
Jodhpur,Mango,Sprinkler Irrigation,8718.488342,8198.788208
Udaipur,Fenugreek,Sprinkler Irrigation,13154.10243,14108.30613
Nagaur,Citrus,Drip Irrigation,6404.663278,7170.109522
Kota,Bajra,Sprinkler Irrigation,10072.25843,10460.96623
Udaipur,Coriander,Tube Well,15225.06971,14714.16899
Jaipur,Coriander,Sprinkler Irrigation,13433.46699,13021.83248
Kota,Mango,Sprinkler Irrigation,5029.106724,5620.330564
Kota,Chilli,Tube Well,6211.360931,5374.176335
Bhilwara,Fenugreek,Drip Irrigation,7051.334138,6827.565826
Hanumangarh,Guava,Tube Well,11158.38432,10516.38135
Udaipur,Chilli,Tube Well,9022.719607,9012.303657
Sri Ganganagar,Cumin,Tube Well,11156.11974,11737.3687
Jaipur,Bajra,Sprinkler Irrigation,13314.37491,13218.53505
Ajmer,Pomegranate,Sprinkler Irrigation,9969.341014,10746.75887
Nagaur,Oilseeds,Canal Irrigation,7971.550711,7141.068543
Jodhpur,Sugarcane,Tube Well,11078.01223,10538.36739
Jaipur,Tomato,Canal Irrigation,9973.846375,9908.948352
Alwar,Guava,Tube Well,6966.954161,6731.696014
Kota,Tomato,Sprinkler Irrigation,9035.197687,8186.974572
Jodhpur,Sugarcane,Drip Irrigation,13354.44449,14207.65633
Jodhpur,Gram,Drip Irrigation,9711.880605,9803.932725
Udaipur,Bajra,Canal Irrigation,11489.44244,11979.86513
Sri Ganganagar,Bajra,Sprinkler Irrigation,11862.46803,12367.23475
Hanumangarh,Cotton,Drip Irrigation,15160.8357,14724.52624
Udaipur,Pomegranate,Tube Well,13011.66554,13527.27769
Jaipur,Onion,Sprinkler Irrigation,14185.39852,13640.5555
Ajmer,Onion,Sprinkler Irrigation,10593.99207,11165.94137
Bhilwara,Tomato,Canal Irrigation,12570.32903,12196.4787
Ajmer,Citrus,Tube Well,7436.87756,7336.821431
Hanumangarh,Wheat,Canal Irrigation,7489.464053,8236.964475
Sri Ganganagar,Wheat,Tube Well,11276.74055,11945.33831
Udaipur,Maize,Tube Well,10569.4041,11074.65647
Hanumangarh,Sugarcane,Canal Irrigation,10813.02045,10948.1753
Jaipur,Pulses,Sprinkler Irrigation,13123.23094,14111.74569
Nagaur,Fennel,Tube Well,14154.56027,13562.96951
Alwar,Mustard,Tube Well,8662.430473,7879.707185
Nagaur,Tomato,Canal Irrigation,6473.048602,5681.674957
Hanumangarh,Oilseeds,Drip Irrigation,13919.97323,14126.70105
Jaipur,Oilseeds,Sprinkler Irrigation,6141.130137,7067.119249
Sri Ganganagar,Bajra,Sprinkler Irrigation,9273.274584,9322.065979
Bhilwara,Barley,Canal Irrigation,11398.0015,10741.65293
Alwar,Pomegranate,Sprinkler Irrigation,17661.95827,16920.23361
Alwar,Onion,Drip Irrigation,9334.133898,10141.30891
Ajmer,Pulses,Sprinkler Irrigation,9375.416031,10011.20824
Bhilwara,Oilseeds,Canal Irrigation,11398.12061,11403.07065
Bhilwara,Cotton,Sprinkler Irrigation,6853.193864,6138.577841
Jodhpur,Pomegranate,Sprinkler Irrigation,9961.206692,10781.81177
Bhilwara,Tomato,Tube Well,12018.49772,12493.07915
Sri Ganganagar,Fennel,Tube Well,8943.452446,9628.731394
Sri Ganganagar,Pomegranate,Sprinkler Irrigation,9672.984588,9032.140808
Nagaur,Citrus,Tube Well,9548.801034,9866.961109
Nagaur,Gram,Tube Well,12597.75084,11685.07977
Kota,Cotton,Canal Irrigation,11860.43863,10993.92636
Ajmer,Onion,Tube Well,15252.10665,15357.75444
Udaipur,Mustard,Drip Irrigation,12202.81956,12761.84085
Alwar,Tomato,Sprinkler Irrigation,9090.349281,9102.478425
Bhilwara,Wheat,Drip Irrigation,12771.03884,13122.28297
Bhilwara,Pomegranate,Canal Irrigation,12134.46143,12846.00772
Alwar,Barley,Drip Irrigation,7521.343136,7939.542346
Kota,Mango,Tube Well,11352.79516,10489.26951
Hanumangarh,Fenugreek,Sprinkler Irrigation,13510.47967,13385.92697
Bhilwara,Cotton,Sprinkler Irrigation,8645.003669,7681.135924
Jodhpur,Oilseeds,Canal Irrigation,6687.487543,7170.380509
Kota,Mustard,Drip Irrigation,11818.77593,11125.76889
Udaipur,Oilseeds,Sprinkler Irrigation,10391.87911,11177.25452
Hanumangarh,Bajra,Tube Well,11789.09249,12462.09477
Hanumangarh,Fennel,Drip Irrigation,10463.8587,10080.5072
Jaipur,Coriander,Drip Irrigation,6137.653356,5892.444419
Ajmer,Maize,Canal Irrigation,15086.93143,14486.90281
Jaipur,Citrus,Drip Irrigation,14619.69712,14293.9304
Ajmer,Fenugreek,Drip Irrigation,8243.873791,9008.445906
Kota,Oilseeds,Drip Irrigation,8623.140124,7838.507781
Udaipur,Mango,Sprinkler Irrigation,11721.09111,12589.74585
Alwar,Citrus,Drip Irrigation,5671.34375,4883.11438
Udaipur,Oilseeds,Drip Irrigation,9439.47522,9071.955662
Alwar,Bajra,Tube Well,6679.606938,6995.530343
Sri Ganganagar,Fennel,Canal Irrigation,7166.738306,7937.658407
Alwar,Sugarcane,Tube Well,16002.21084,15205.83802
Hanumangarh,Cumin,Sprinkler Irrigation,8653.279811,7842.768946
Udaipur,Fennel,Tube Well,13941.69026,14886.42397
Kota,Mango,Sprinkler Irrigation,10606.2235,11374.15757
Udaipur,Fenugreek,Tube Well,7762.212787,6797.510383
Nagaur,Tomato,Tube Well,11587.28704,12070.91489
Hanumangarh,Cumin,Drip Irrigation,7901.998227,8134.695576
Jodhpur,Sugarcane,Sprinkler Irrigation,14076.78192,14591.2734
Nagaur,Mustard,Drip Irrigation,6437.264173,6434.717137
Ajmer,Pulses,Tube Well,7193.092735,6268.906166
Nagaur,Tomato,Canal Irrigation,6769.707102,6404.784424
Jaipur,Chilli,Tube Well,11206.5093,10783.41951
Jaipur,Maize,Canal Irrigation,8124.720059,7536.35493
Jaipur,Fenugreek,Sprinkler Irrigation,14829.13403,15221.69012
Ajmer,Coriander,Tube Well,10416.44793,9783.538881
Jaipur,Mustard,Tube Well,6863.57029,6248.501184
Kota,Bajra,Sprinkler Irrigation,6436.522127,6621.783429
Ajmer,Maize,Drip Irrigation,8045.384112,7979.532607
Kota,Bajra,Sprinkler Irrigation,10081.24336,10292.94583
Sri Ganganagar,Sugarcane,Tube Well,11896.69466,11299.49667
Bhilwara,Mustard,Canal Irrigation,9518.420014,8853.952091
Bhilwara,Citrus,Tube Well,11085.6041,11724.81171
Bhilwara,Wheat,Tube Well,11803.36192,10969.82763
Sri Ganganagar,Coriander,Sprinkler Irrigation,11975.95081,11327.34945
Alwar,Tomato,Canal Irrigation,10189.05345,9939.347221
Nagaur,Onion,Drip Irrigation,10136.33045,10566.05719
Ajmer,Pulses,Sprinkler Irrigation,5526.651109,6249.961364
Udaipur,Onion,Tube Well,15110.09188,15990.66185
Udaipur,Pomegranate,Tube Well,8945.537122,9920.581247
Jodhpur,Citrus,Drip Irrigation,15326.49367,14575.44868
Nagaur,Oilseeds,Sprinkler Irrigation,14503.63867,15417.83243
Udaipur,Chilli,Tube Well,12572.91885,12309.27993
Jaipur,Fennel,Tube Well,14752.6601,15223.98852
Ajmer,Onion,Drip Irrigation,11927.85041,11650.67899
Jaipur,Opium,Sprinkler Irrigation,7550.147897,7461.089437
Kota,Cotton,Sprinkler Irrigation,11279.21839,12182.77488
Kota,Wheat,Drip Irrigation,13059.56185,13348.35663
Alwar,Pomegranate,Drip Irrigation,9461.263911,8838.910415
Alwar,Oilseeds,Tube Well,10271.70642,9876.14555
Hanumangarh,Fenugreek,Tube Well,12984.40947,13452.27634
Jodhpur,Gram,Canal Irrigation,14130.55864,13668.60131
Ajmer,Pomegranate,Canal Irrigation,6101.421127,5438.21851
Bhilwara,Wheat,Drip Irrigation,6487.90918,6880.542595
Hanumangarh,Citrus,Canal Irrigation,11398.21225,10739.48077
Udaipur,Oilseeds,Sprinkler Irrigation,7842.481531,7206.450194
Jodhpur,Tomato,Sprinkler Irrigation,7868.457709,6986.421839
Kota,Bajra,Canal Irrigation,13002.94129,13746.17239
Bhilwara,Fennel,Drip Irrigation,14276.93127,13609.18353
Sri Ganganagar,Mustard,Tube Well,7011.556634,6140.081509
